index,authors,title,reference,reference_detail,month,month_num,year,type,selected,research,dataset,hidden,link1,link1_name,link2,link2_name
001,"J. Fu, I. V. Bajić, and R. G. Vaughan",Datasets for face and object detection in fisheye images,Data in Brief,"vol. 27, article no. 104752",Dec.,12,2019,j,,,1,,https://doi.org/10.1016/j.dib.2019.104752,DOI,http://dx.doi.org/10.25314/ca0092b1-1e87-4928-b5f5-ebae30decb8d,data
002,"J. Fu, I. V. Bajić, and R. G. Vaughan",Datasets for face and object detection in fisheye images,Data in Brief,"vol. 27, article no. 104752",Dec.,12,2019,j,,,2,1,https://doi.org/10.1016/j.dib.2019.104752,DOI,https://researchdata.sfu.ca/pydio_public/c09804,data
003,,SFU students' AI solution shields against video voyeurs,,,Jul,7,2019,n,1,,,1,https://www.sfu.ca/sfunews/stories/2019/07/sfu-students-ai-solution-shields-against-video-voyeurs.html,SFU News,,
004,,Shutting down online surveillance,,,,7,2019,n,1,,,1,https://www.cbc.ca/listen/live-radio/1-81-airplay/clip/15727082-shutting-down-online-surveillance,CBC Radio,,
005,H. Choi and I. V. Bajić,Deep frame prediction for video coding,IEEE Trans. Circuits and Systems for Video Technology,accepted.,Jun,6,2019,j,1,4,,,https://arxiv.org/abs/1901.00062,arXiv,,
006,"J. Zhang, A. Wang, J. Liang, H. Wang, S. Li, and X. Zhang",Distortion Estimation-based Adaptive Power Allocation for Hybrid Digital-Analog Video Transmission,IEEE Trans. Circuits and Systems for Video Technology,"vol. 29, no. 6, pp. 1806-1818",Jun,6,2019,j,1,2,,,https://ieeexplore.ieee.org/stamp/stamp.jsp?tp=&arnumber=8399881,IEEEXplore,,
007,"X. Shang, J. Liang, G. Wang, H. Zhao, C. Wu, and C. Lin",Color-Sensitivity-based Combined PSNR for Objective Video Quality Assessment,IEEE Trans. Circuits and Systems for Video Technology,"vol. 29, no. 5, pp. 1239-1250",May,5,2019,j,,3,,,https://ieeexplore.ieee.org/stamp/stamp.jsp?tp=&arnumber=8359309,IEEEXplore,,
008,"J. Jin, J. Liang, Y. Zhao, C. Lin, C. Yao, and A. Wang",A Depth-Bin-Based Graphical Model for Fast View Synthesis Distortion Estimation,IEEE Trans. Circuits and Systems for Video Technology,"vol. 29, no. 6, pp. 1754-1766",Jun,6,2019,j,1,,,,https://ieeexplore.ieee.org/stamp/stamp.jsp?tp=&arnumber=8374888,IEEEXplore,,
009,"J. Jin, J. Liang, Y. Zhao, C. Lin, C. Yao, and L. Meng",Pixel-Level View Synthesis Distortion Estimation for 3-D Video Coding,IEEE Trans. Circuits and Systems for Video Technology,accepted.,May,5,2019,j,,,,,,,,
010,"M. Gaur, S. Makonin, I. V. Bajić, and A. Majumdar",Performance evaluation of techniques for identifying abnormal energy consumption in buildings,IEEE Access,"vol. 7, pp. 62721-62733.",May,5,2019,j,,,,,https://ieeexplore.ieee.org/document/8709671,IEEEXplore,,
011,"M. Li, O. Alhussein, P. Sofotasios, S. Muhaidat, P. Yoo, J. Liang, and A. Wang",Censor-based cooperative multi-antenna spectrum sensing with imperfect reporting channels,IEEE Trans. Sustainable Computing,accepted.,Jan,1,2019,j,,,,,https://ieeexplore.ieee.org/document/8651354,IEEEXplore,,
012,"C. Dinesh, S. Makonin, and I. V. Bajić",Residential power forecasting using load identification and graph spectral clustering,IEEE Trans. Circuits and Systems II: Express Briefs,"vol. 66, no. 11, pp. 1900-1904.",Nov.,11,2019,j,,,,,https://www.researchgate.net/publication/330184644_Residential_Power_Forecasting_Using_Load_Identification_and_Graph_Spectral_Clustering,ResearchGate,,
013,"H. Hadizadeh, A. R. Heravi, I. V. Bajić, and P. Karami",A perceptual distinguishability predictor for JND-noise-contaminated images,IEEE Trans. Image Processing,"vol. 28, no. 5, pp. 2242-2256.",May,5,2019,j,1,,,,https://ieeexplore.ieee.org/document/8556065,IEEEXplore,,
014,"X. Shang, G. Wang, X. Zhao, Y. Zuo, J. Liang, and I. V. Bajić",Weighting Quantization Matrices for HEVC/H.265-coded RGB Videos,IEEE Access,accepted.,Feb,2,2019,j,,,,,https://ieeexplore.ieee.org/document/8654588,IEEEXplore,,
015,"E. Ideli, B. Sharpe, I. V. Bajić, and R. G. Vaughan",Visually assisted time-domain speech enhancement,Proc. IEEE GlobalSIP'19,,Nov.,11,2019,c,,,,,,,,
016,"C. Dinesh, I. V. Bajić, and G. Cheung",3D point cloud color denoising using convex graph-signal smoothness priors,Proc. IEEE MMSP'19,,Sep,7,2019,c,,,,,https://ieeexplore.ieee.org/document/8901695,IEEEXplore,,
017,"B. Li, J. Liang, and Y. Wang",Compression Artifact Removal with Stacked Multi-Context Channel-wise Attention Network,Proc. IEEE ICIP'19,"pp. 3601-3605, Taipei, Taiwan,",Sep,9,2019,c,,,,,,,,
018,S. R. Alvar and I. V. Bajić,Multi-task learning with compressible features for collaborative intelligence,Proc. IEEE ICIP'19,"pp. 1705-1709, Taipei, Taiwan,",Sep,9,2019,c,,,,,https://arxiv.org/abs/1902.05179,arXiv,https://github.com/saeedranjbar12/mtlcfci,code
019,"C. Dinesh, I. V. Bajić, and G. Cheung",3D point cloud super-resolution via graph total variation on surface normals,Proc. IEEE ICIP'19,"pp. 4390-4394, Taipei, Taiwan,",Sep,9,2019,c,,,,,https://ieeexplore.ieee.org/document/8803560,IEEEXplore,,
020,"M. Akbari, J. Liang, and J. Han",DSSLIC: Deep Semantic Segmentation-based Layered Image Compression,Proc. IEEE ICASSP'19,"pp. 2042 - 2046, Brighton, UK.",May,5,2019,c,,4,,,https://arxiv.org/abs/1806.03348,arXiv,https://github.com/makbari7/DSSLIC,code
021,"A. Harell, S. Makonin, and I. V. Bajić",WaveNILM: A causal neural network for power disaggregation from the complex power signal,Proc. IEEE ICASSP'19,"pp. 8335 - 8339, Brighton, UK.",May,5,2019,c,,,,,https://arxiv.org/abs/1902.08736,arXiv,,
022,"J. Fu, S. R. Alvar, I. V. Bajić, and R. G. Vaughan",FDDB-360: Face detection in 360-degree fisheye images,Proc. IEEE MIPR'19,"pp. 15 - 19, San Jose, CA.",Mar,3,2019,c,,,3,,https://arxiv.org/abs/1902.02777,arXiv,https://researchdata.sfu.ca/pydio_public/98fb62,data
023,"C. Dinesh, I. V. Bajić, and G. Cheung",Adaptive nonrigid inpainting of 3D point cloud geometry,IEEE Signal Processing Letters,"vol. 25, no. 6, pp. 878-882.",Jun,6,2018,j,,1,,,https://www.researchgate.net/publication/324798026_Adaptive_Non-Rigid_Inpainting_of_3D_Point_Cloud_Geometry,ResearchGate,https://www.researchgate.net/publication/324797887_code,code
024,"J. Guo, X. Gong, J. Liang, W. Wang, and X. Que",An Optimized Hybrid Unicast/Multicast Adaptive Video Streaming Scheme over MBMS-Enabled Wireless Networks,IEEE Trans. Broadcasting,"vol. 64, no. 4, pp. 791-802.",Dec,12,2018,j,,,,,https://ieeexplore.ieee.org/stamp/stamp.jsp?tp=&arnumber=8362668,IEEEXplore,,
025,H. Hadizadeh and I. V. Bajić,Full-reference objective quality assessment of tone-mapped images,IEEE Trans. Multimedia,"vol. 20, no. 2, pp. 392-404.",Feb,2,2018,j,,3,,,https://www.researchgate.net/publication/319067122_Full-Reference_Objective_Quality_Assessment_of_Tone-Mapped_Images,ResearchGate,,
026,"M. Akbari, J. Liang, and H. Cheng",A Real-time System for Online Learning-based Visual Transcription of Piano Music,Multimedia Tools and Applications,pp. 1-23. ,Feb,2,2018,j,,,,,https://link.springer.com/content/pdf/10.1007/s11042-018-5803-1.pdf,Springer,,
027,H. Choi and I. V. Bajić,Deep feature compression for collaborative object detection,Proc. IEEE ICIP'18,"Athens, Greece.",Oct,10,2018,c,,4,,,https://www.researchgate.net/publication/323141509_Deep_feature_compression_for_collaborative_object_detection,ResearchGate,,
028,"Y. Guo, A. Wang, H. Wang, S. Li, and J. Liang",Adaptive STBC Scheme for Soft Video Transmission with Multiple Antennas,Pacific-Rim Conference on Multimedia (PCM),"Hefei, Anhui, China.",Sep,9,2018,c,,,,,,,,
029,S. R. Alvar and I. V. Bajić,MV-YOLO: Motion vector-aided tracking by semantic object detection,Proc. IEEE MMSP'18,"Vancouver, Canada.",Aug,8,2018,c,,,,,https://www.researchgate.net/publication/324887113_MV-YOLO_Motion_Vector-aided_Tracking_by_Semantic_Object_Detection,ResearchGate,,
030,H. Choi and I. V. Bajić,Near-lossless deep feature compression for collaborative intelligence,Proc. IEEE MMSP'18,"Vancouver, Canada.",Aug,8,2018,c,,,,,https://www.researchgate.net/publication/324793106_Near-Lossless_Deep_Feature_Compression_for_Collaborative_Intelligence,ResearchGate,,
031,"L. Ye, B. Li, N. Mohammed","Y. Wang, and J. Liang, “Privacy-Preserving Age Estimation for Content Rating",Proc. IEEE MMSP'18,"Vancouver, Canada.",Aug,8,2018,c,,,,,,,,
032,"C. Dinesh, G. Cheung, I. V. Bajić, and C. Yang",Fast 3D point cloud denoising via bipartite graph approximation and total variation,Proc. IEEE MMSP'18,"Vancouver, Canada.",Aug,8,2018,c,,,,,https://www.researchgate.net/publication/324859968_Fast_3D_Point_Cloud_Denoising_via_Bipartite_Graph_Approximation_Total_Variation,ResearchGate,,
033,"S. R. Alvar, H. Choi, and I. V. Bajić",Can you find a face in a HEVC bitstream?,Proc. IEEE ICASSP'18,"pp. 1288-1292, Calgary, AB.",Apr,4,2018,c,,,,,https://www.researchgate.net/publication/323587628_Can_you_find_a_face_in_a_HEVC_bitstream,ResearchGate,,
034,M. Akbari and J. Liang,Semi-recurrent CNN-based VAE-GAN for sequential data generation,Proc. IEEE ICASSP'18,"Calgary, AB, Canada.",Apr,4,2018,c,,,,,,,,
035,"J. Zhang, A. Wang, and J. Liang",Recursive distortion estimation for hybrid digital-analog video transmission,IEEE ICASSP'18,"Calgary, AB, Canada.",Apr,4,2018,c,,,,,,,,
036,H. Choi and I. V. Bajić,High efficiency compression for object detection,Proc. IEEE ICASSP'18,"pp. 1729-1796, Calgary, AB.",Apr,4,2018,c,,,,,https://www.researchgate.net/publication/323587623_High_efficiency_compression_for_object_detection,ResearchGate,,
037,"S. R. Alvar, H. Choi, and I. V. Bajić",Can you tell a face from a HEVC bitstream?,Proc. IEEE MIPR'18,"Miami, FL.",Apr,4,2018,c,,,,,https://www.researchgate.net/publication/319642926_Can_you_tell_a_face_from_a_HEVC_bitstream,ResearchGate,,
038,"S. H. Khatoonabadi, I. V. Bajić, and Y. Shan",Compressed-domain visual saliency models: A comparative study,Multimedia Tools and Applications,"vol. 76, no. 24, pp. 26297–26328.",Dec,12,2017,j,,,,,https://www.researchgate.net/publication/301648390_Compressed-domain_visual_saliency_models_A_comparative_study,ResearchGate,https://researchdata.sfu.ca/pydio_public/99a48d,Code
039,A. Hajshirmohammadi,Incorporating Experiential Learning in Engineering Courses,IEEE Communications Magazine,"Vol. 55, No. 11, pp. 166-169. ",Nov,11,2017,j,,,,,,,,
040,"G. Javadi, A. Hajshirmohammadi, and J. Liang",Power and Sub-channel Optimization of JPEG 2000 Image Transmission over OFDM-Based Cognitive Radio Networks,Signal Processing: Image Communication,"vol. 58, pp. 157-164.",Oct,10,2017,j,1,2,,,https://www.sciencedirect.com/science/article/pii/S0923596517301418,ScienceDirect,,
041,"M. Liu, Y. Zhao, J. Liang, C. Lin, H. Bai, C. Yao",Depth map up-sampling with fractal dimension and texture-depth boundary consistencies,Neurocomputing,"Vol. 257, pp. 185–192. ",Sep,9,2017,j,,,,,http://www.sciencedirect.com/science/article/pii/S0925231217301546,ScienceDirect,,
042,"M. Zhao, X. Gong, J. Liang, W. Wang, X. Que, Y. Guo, and S. Cheng",QoE-driven optimization for Cloud-assisted DASH-based Scalable Interactive Multiview Video Streaming over Wireless Network,Signal Processing: Image Communication,"Vol. 57, pp. 157-172.",Sep,9,2017,j,,,,,,,,
043,"H. Hadizadeh, A. Rajati, and I. V. Bajić",Saliency-guided just noticeable distortion estimation using the normalized Laplacian pyramid,IEEE Signal Processing Letters,"vol. 24, no. 8, pp. 1218-1222.",Aug,8,2017,j,,,,,https://www.researchgate.net/publication/317730087_Saliency-guided_Just_Noticeable_Distortion_Estimation_Using_the_Normalized_Laplacian_Pyramid,ResearchGate,,
044,C. Bi and J. Liang,Joint Source-Channel Coding of JPEG 2000 Image Transmission Over Two-Way Multi-Relay Networks,IEEE Trans. Image Processing,"Vol. 26, No. 7, pp. 3594-3608.",Jul,7,2017,j,,2,,,http://ieeexplore.ieee.org/document/7918639/,IEEEXplore,,
045,C.-H. Kwak and I. V. Bajić,"Online MoCap data coding with bit allocation, rate control, and motion-adaptive post-processing",IEEE Trans. Multimedia,"vol. 19, no. 6, pp. 1127-1141.",Jun,6,2017,j,,,,,https://www.researchgate.net/publication/312168574_Online_MoCap_Data_Coding_with_Bit_Allocation_Rate_Control_and_Motion-Adaptive_Post-Processing,ResearchGate,https://www.researchgate.net/publication/312168734_MoCap_Coder,Code
046,"H. Khalilian, I. V. Bajić, and R. G. Vaughan",A simulation study of a 3D sound field reproduction system for immersive communication,"IEEE/ACM Trans. Audio, Speech, and Language Processing","vol. 25, no. 5, pp. 980-995.",May,5,2017,j,,1,,,https://www.researchgate.net/publication/313709430_A_Simulation_Study_of_a_3D_Sound_Field_Reproduction_System_for_Immersive_Communication,ResearchGate,https://www.researchgate.net/publication/313822275_Immersive-SFR-code,Code
047,D. Zhang and J. Liang,Graph-based Transform for 2D Piecewise Smooth Signals with Random Discontinuities,IEEE Trans. Image Processing,"Vol. 26, No. 4, pp. 1679-1693.",Apr,4,2017,j,,1,,,https://ieeexplore.ieee.org/stamp/stamp.jsp?arnumber=7837705,IEEEXplore,,
048,"O. Alhussein, I. Ahmed, J. Liang, S. Muhaidat",Unified Analysis of Diversity Reception in the Presence of Implusive Noise,IEEE Trans. Vehicular Technology,"Vol. 66, No. 2, pp. 1408-1477.",Feb,2,2017,j,,,,,http://ieeexplore.ieee.org/stamp/stamp.jsp?arnumber=7469794,IEEEXplore,,
049,"C. Dinesh, I. V. Bajić, and G. Cheung",Exemplar-based framework for 3D point cloud hole filling,Proc. IEEE VCIP'17,"St. Petersburg, FL, Dec. 2017. ",Dec,12,2017,c,,,,,https://www.researchgate.net/publication/319851799_Exemplar-based_Framework_for_3D_Point_Cloud_Hole_Filling,ResearchGate,https://www.researchgate.net/publication/321780814_code,Code
050,"X. Wang, H. W. Ng, and J. Liang",Lapped Convolutional Neural Networks for Embedded Systems,Proc. IEEE GlobalSIP’17,"Montreal, Quebec, Canada, pp. 1135-1139.",Nov,11,2017,c,,,,,,,,
051,H. Choi and I. V. Bajić,HEVC intra features for human detection,Proc. IEEE GlobalSIP'17,"pp. 393-397, Montreal, QC.",Nov,11,2017,c,,,,,https://www.researchgate.net/publication/319406058_HEVC_Intra_Features_for_Human_Detection,ResearchGate,,
052,"L. Zhao, J. Liang, H. Bai, A. Wang, and Y. Zhao",Convolutional Neural Network-based Depth Artifact Removal,Proc. IEEE ICIP’17,"Beijing, China.",Sep,9,2017,c,,,,,,,,
053,L. Bragilevsky and I. V. Bajić,Deep learning for Amazon satellite image analysis,Proc. IEEE PacRim'17,"Victoria, BC.",Aug,8,2017,c,,,,,,,,
054,"L. Zhao, J. Liang, H. Bai, A. Wang, and Y. Zhao",Single Depth Image Super-Resolution with Multiple Residual Dictionary Learning and Refinement,Proc. IEEE ICME’17,Hong Kong.,Jul,7,2017,c,,,,,,,,
055,"X. Shang, H. Zhao, G. Wang, C. Wu, C. Lin, and J. Liang",A New Combined PSNR for Objective Video Quality Assessment,Proc. IEEE ICME’17,Hong Kong.,Jul,7,2017,c,,,,,,,,
056,H. Choi and I. V. Bajić,Corner proposals from HEVC bitstreams,Proc. IEEE ISCAS'17,"pp. 1-4, Baltimore, MD.",May,5,2017,c,,,,,https://www.researchgate.net/publication/315678696_Corner_Proposals_from_HEVC_Bitstreams,ResearchGate,,
057,H. Hadizadeh and I. V. Bajić,Color Gaussian jet features for no-reference quality assessment of multiply-distorted images,IEEE Signal Processing Letters,"vol. 23, no. 12, pp. 1717-1721. ",Dec,12,2016,j,,,,,https://www.researchgate.net/publication/309141844_Color_Gaussian_Jet_Features_For_No-reference_Quality_Assessment_of_Multiply-distorted_Images,ResearchGate,https://www.researchgate.net/publication/320457073_Code_for_ColorJet-IQA,Code
058,"S. Makonin, F. Popowich, I. V. Bajić, B. Gill, and L. Bartram",Exploiting HMM sparsity to perform online real-time nonintrusive load monitoring (NILM),IEEE Trans. Smart Grid,"vol. 7, no. 6, pp. 2575-2585.",Nov,11,2016,j,,,,,https://www.researchgate.net/publication/282650586_Exploiting_HMM_Sparsity_to_Perform_Online_Real-Time_Nonintrusive_Load_Monitoring_%28NILM%29,ResearchGate,https://github.com/smakonin/SparseNILM,Code
059,"H. Lei, A. Wang, W. Liu, and J. Liang",Early Termination Algorithm for the Depth Modeling Mode in 3D-HEVC,Journal of Electronic Imaging,"25(5), 050503. doi:10.1117/1.JEI.25.5.050503.",Oct,10,2016,j,,,,,http://electronicimaging.spiedigitallibrary.org/article.aspx?articleid=2571310,SPIE,,
060,"B. Selim, O. Alhussein, S. Muhaidat, G. K. Karagiannidis, and J. Liang",Modeling And Analysis of Wireless Channels via the Mixture of Gaussians Distribution,IEEE Trans. Vehicular Technology,"Vol. 65, No. 10, pp. 8309-8321. ",Oct,10,2016,j,,,,,http://ieeexplore.ieee.org/stamp/stamp.jsp?tp=&arnumber=7336572,IEEEXplore,,
061,"A. A. Hammadi, O. Alhussein, P. C. Sofotasios, S. Muhaidat, M. Al-Qutayri, S. Al-Araji, G. K. Karagiannidis, and J. Liang",Unified Analysis of Cooperative Spectrum Sensing over Composite and Generalized Fading Channels,IEEE Trans. Vehicular Technology,"Vol. 65, No. 9, pp. 6949-6961.",Sep,9,2016,j,,,,,http://ieeexplore.ieee.org/stamp/stamp.jsp?arnumber=7289437,IEEEXplore,,
062,"S. Liu, A. Wang, H. Wang, S. Li, D. Zhuo, and J. Liang",Adaptive Residual-based Distributed Compressed Sensing for Soft Video Multicasting over Wireless Networks,Multimedia Tools and Applications,"doi:10.1007/s11042-016-3859-3, pp. 1-20.",Sep,9,2016,j,,,,,https://link.springer.com/article/10.1007/s11042-016-3859-3,Springer,,
063,"X. Wang, and J. Liang",Multi-Resolution Compressed Sensing via Approximate Message Passing,IEEE Trans. on Computational Imaging,"Vol. 2, No. 3, pp. 218-234.",Sep,9,2016,j,,,,,http://ieeexplore.ieee.org/stamp/stamp.jsp?arnumber=7484325,IEEEXplore,https://github.com/xingwangsfu/MR-AMP,Code
064,H. Hadizadeh and I. V. Bajić,No-reference image quality assessment using statistical wavelet-packet features,Pattern Recognition Letters,"vol. 80, pp. 144–149.",Sep,9,2016,j,,,,,http://ac.els-cdn.com/S0167865516301349/1-s2.0-S0167865516301349-main.pdf?_tid=0d047ffa-38ae-11e6-8d98-00000aab0f26&acdnat=1466623267_8094fb94560e428250851a07f5028138,ScienceDirect,http://www.sfu.ca/~ibajic/software/WPD_NR_IQA.rar,Code
065,"H. Khalilian, I. V. Bajić, and R. G. Vaughan",Comparison of loudspeaker placement methods for sound field reproduction,"IEEE/ACM Trans. Audio, Speech, and Language Processing","vol. 24, no.8, pp. 1364 – 1379. ",Aug,8,2016,j,,,,,https://www.researchgate.net/publication/301362470_Comparison_of_Loudspeaker_Placement_Methods_for_Sound_Field_Reproduction,ResearchGate,https://www.researchgate.net/publication/301362762_SFRplacement,Code
066,"S. Makonin, B. Ellert, I. V. Bajić, and F. Popowich","Electricity, water, and natural gas consumption of a residential house in Canada from 2012 to 2014",Scientific Data (Nature Publishing Group),"vol. 3, article no. 160037.",Jun,6,2016,j,,,,,http://www.nature.com/articles/sdata201637,Nature,,
067,V. A. Mateescu and I. V. Bajić,Visual attention retargeting,IEEE MultiMedia,"vol. 23, no. 1, pp. 82-91.",Mar,3,2016,j,,3,,,https://www.researchgate.net/publication/277331757_Visual_Attention_Retargeting,ResearchGate,,
068,"Y. Gao, G. Cheung, M. Thomas, P. Frossard, and J. Liang",Encoder-Driven Inpainting Strategy in Multiview Video Compression,IEEE Trans. Image Processing,"Vol. 25, No. 1, pp. 134 – 149.  ",Jan,1,2016,j,,,,,http://ieeexplore.ieee.org/stamp/stamp.jsp?arnumber=7321023,IEEEXplore,,
069,M. P. Stapleton and I. V. Bajić,Robust domain-filling plumb-line lens distortion correction,Proc. IEEE ISM'16,"pp. 507-514, San Jose, CA.",Dec,12,2016,c,,,,,http://ieeexplore.ieee.org/document/7823679/,IEEEXplore,http://www.sfu.ca/~ibajic/software/ISM-2016-code.rar,Code
070,"X. Wang, and J. Liang",Scalable Compression of Deep Neural Networks,2016 ACM Multimedia Conference,"Amsterdam, Netherland, pp. 511-515.",Oct,10,2016,c,,,,,https://dl.acm.org/citation.cfm?id=2967273,ACM,,
071,"H. Khalilian, I. V. Bajić, and R. G. Vaughan",Learning to reproduce a sound field,Proc. IEEE MLSP'16,"Salerno, Italy.",Sep,9,2016,c,,,,,https://www.researchgate.net/publication/308519961_Learning_to_reproduce_a_sound_field,ResearchGate,,
072,"S. Wu, J. Liang, and J. Ho",Head pose estimation and its application in TV viewers' behavior analysis,2016 IEEE Canadian Conf. on Electrical and Computer Engineering (CCECE),"Vancouver, Canada, pp. 1-6.",May,5,2016,c,,,,,,,,
073,J. Lin and I. V. Bajić,A platform for subjective image quality evaluation on mobile devices,Proc. IEEE CCECE'16,"Vancouver, BC.",May,5,2016,c,,,,,http://dx.doi.org/%2010.1109/CCECE.2016.7726650,IEEEXplore,,
074,"M. P. Stapleton, M. Z. A. Bhotto and I. V. Bajić",A simulation environment for visual-inertial sensor fusion,Proc. IEEE CCECE'16,"Vancouver, BC.",May,5,2016,c,,,,,http://dx.doi.org/10.1109/CCECE.2016.7726705,IEEEXplore,,
075,"D. Zhang, and J. Liang",Graph-based Transform for 2D Piecewise Smooth Signals with Random Discontinuities,Data Compression Conference (DCC),"Utah, USA, pp. 447-455.",Mar,3,2016,c,,,,,,,,
076,I. V. Bajić,Video streaming,"AccessScience, McGraw-Hill Education",,,,2016,b,,,,,http://dx.doi.org/10.1036/1097-8542.732075,McGraw-Hill,,
077,"S. H. Khatoonabadi, I. V. Bajić, and Y. Shan",Compressed-domain correlates of human fixations in dynamic scenes,Multimedia Tools and Applications,"vol. 74, no. 22, pp. 10057-10075. (Special Issue on Perception Inspired Video Processing)",Nov,11,2015,j,,,,,https://www.researchgate.net/publication/279525217_Compressed-Domain_Correlates_of_Human_Fixations_in_Dynamic_Scenes,ResearchGate,http://www.sfu.ca/~ibajic/software/kbs_pivp2014_code.rar,Code
078,"X. Wang, and J. Liang",Approximate Message Passing-based Compressed Sensing Reconstruction with Generalized Elastic Net Prior,Signal Processing: Image Communication,"Vol. 37, pp. 19-33.",Sep,9,2015,j,,,,,http://ac.els-cdn.com/S0923596515001071/1-s2.0-S0923596515001071-main.pdf?_tid=1aa3d03a-3a57-11e5-b9a6-00000aacb360&acdnat=1438658328_a9fc030f4fddba28a3da45f12d4ae79d,ScienceDirect,https://github.com/xingwangsfu/SI-AMP,Code
079,"K. Min, J. Ma, D. Sim, and I. V. Bajić",Bi-directional mesh-based frame rate up-conversion with a dense motion vector map,IEEE MultiMedia,"vol. 22, no. 2, pp. 36-45.",Jun,6,2015,j,,,,,http://ieeexplore.ieee.org/xpl/articleDetails.jsp?tp=&arnumber=6786195,IEEEXplore,,
080,"D. Zhang, and J. Liang",View Synthesis Distortion Estimation with Graphical Model and Recursive Calculation of Probability Distribution,IEEE Trans. on Circuits and Systems for Video Technology,"Vol. 25, No. 5, pp. 827-840. ",May,5,2015,j,,,,,http://ieeexplore.ieee.org/stamp/stamp.jsp?tp=&arnumber=6926829,IEEEXplore,https://github.com/zd1984/SynthesizedDistortionEstimation,Code
081,"K.-Y. Min, W. Lim, J. Nam, D. Sim, and I. V. Bajić",Distributed video coding supporting hierarchical GOP structures with transmitted motion vectors,EURASIP J. Image and Video Processing,12:00.0,May,5,2015,j,,,,,https://link.springer.com/article/10.1186/s13640-015-0068-3,Springer,,
082,Md. Z. A. Bhotto and I. V. Bajić,"Constant modulus blind adaptive beamforming based on unscented Kalman filtering,",IEEE Signal Processing Letters,"vol. 22, no. 4, pp. 474-478.",Apr,4,2015,j,,,,,http://ieeexplore.ieee.org/xpl/articleDetails.jsp?arnumber=6922488,IEEEXplore,,
083,"M. Zhao, X. Gong, J. Liang, W. Wang, X. Que, and S. Cheng",QoE-driven Cross-layer Optimization for Wireless Dynamic Adaptive Streaming of Scalable Videos over HTTP,IEEE Trans. on Circuits and Systems for Video Technology,"Vol. 25, No. 3, pp. 451-465.",Mar,3,2015,j,,,,,http://ieeexplore.ieee.org/stamp/stamp.jsp?tp=&arnumber=6898001,IEEEXplore,,
084,"J. Guo, X. Gong, J. Liang, S. Zhang, M. Zhao, W. Wang, and Z. Li",A Hybrid Transmission Approach for DASH over MBMS in LTE Network,2015 IEEE Global Telecommunications Conference (GLOBECOM),"San Diego, USA. pp. 1-6.",Dec,12,2015,c,,,,,,,,
085,"O. Alhussein, A. Al Hammadi, P. C. Sofotasios, S. Muhaidat, J. Liang, M. Al-Qutayri, and G. K. Karagiannidis",Performance Analysis of Energy Detection over Mixture Gamma based Fading Channels with Diversity Reception,"IEEE Int. Conf. Wireless and Mobile Compuer, Network and Communications","Abu Dhabi, UAE, pp. 1-7",Oct,10,2015,c,,,,,,,,
086,"L. Liu, J. Liang, Y. Zhao, C. Lin, and H. Bai",Quantized Dictionary for Sparse Representation,IEEE Workshop on Multimedia Signal Processing (MMSP),"Xiamen, China, pp. 1-6.",Oct,10,2015,c,,,,,,,,
087,"G. Javadi, A. Hajshirmohammadi, and J. Liang",JPEG2000 Image Transmission Over OFDM-Based Cognitive Radio Network,IEEE 6th International Conference and Workshop on Computing and Communication,"Vancouver, Canada, pp. 1-6.",Oct,10,2015,c,,,,,,,,
088,"X. Wang, and J. Liang",Multi-Resolution Compressed Sensing Reconstruction via Approximate Message Passing,Proc. 2015 IEEE Inter. Conf. Image Processing (ICIP),"Quebec City, Canada, pp. 4352-4356.",Sep,9,2015,c,,,,,,,,
089,"M. Zhao, X. Gong, J. Liang, J. Guo, W. Wang,X. Que, and S. Cheng",A Cloud-assisted DASH-based Scalable Interactive Multiview Video Streaming Framework,Proc. 31st Picture Coding Symposium,"pp. 221-226, Cairns, Australia. pp. 221-226.",Jun,6,2015,c,,,,,,,,
090,"S. H. Khatoonabadi, N. Vasconcelos, I. V. Bajić, and Y. Shan","How many bits does it take for a stimulus to be salient?,",Proc. IEEE CVPR'15,"pp. 5501-5510, Boston, MA.",Jun,6,2015,c,,,,,https://www.researchgate.net/publication/274382813_How_many_bits_does_it_take_for_a_stimulus_to_be_salient,ResearchGate,http://www.sfu.ca/~ibajic/software/kvbs_cvpr2015.rar,Code
091,"A. Hajshirmohammadi, N. Zarei",Incorporating Experiential Learning In Lower Division Engineering Courses,Canadian Engineering Education Association Conference (CEEA'15),"Hamilton, Ont. ",Jun,6,2015,c,,,,,,,,
092,"O. Alhussein, B. Selim, T. Assaf, S. Muhaidat, J. Liang, and G. Karagiannidis",A Generalized Mixture of Gaussians Model for Fading Channels,Proc. 2015 IEEE Vehicular Technology Conference,"Glasgow, Scotland, pp. 1-6.",May,5,2015,c,,,,,,,,
093,"H. Khalilian, I. V. Bajić, and R. G. Vaughan",Joint optimization of loudspeaker placement and radiation patterns for sound field reproduction,Proc. IEEE ICASSP'15,"pp. 519-523, Brisbane, Australia. ",Apr,4,2015,c,,,,,http://ieeexplore.ieee.org/xpl/articleDetails.jsp?arnumber=7178023,IEEEXplore,,
094,"D. Wu, Y. Bi, and J. Liang",Cooperative Downloading by Multi-Vehicles in Urban VANET,International Journal of Distributed Sensor Networks,"Vol. 2014 ID 319514, 9 pages.",Feb,2,2014,j,,,,,https://journals.sagepub.com/doi/abs/10.1155/2014/319514,Sage,,
095,"L. Meng, J. Liang, U. Samarawickrama, Y. Zhao, H. Bai, and A. Kaup",Multiple Description Coding with Randomly and Uniformly Offset Quantizers,IEEE Trans. on Image Processing,"Vol. 23, No. 2, pp. 582-595.",Feb,2,2014,j,,,,,http://ieeexplore.ieee.org/stamp/stamp.jsp?tp=&arnumber=6655883,IEEEXplore,,
096,H. Hadizadeh and I. V. Bajić,Saliency-aware video compression,IEEE Trans. Image Processing,"vol. 23, no. 1, pp. 19-33.",Jan,1,2014,j,,,,,http://ieeexplore.ieee.org/xpl/articleDetails.jsp?tp=&arnumber=6605606,IEEEXplore,https://www.researchgate.net/publication/258935941_SAVC-code,Code
097,"O. Alhussein, S. Muhaidat, J. Liang, and P. D. Yoo",A Unified Approach for Representing Wireless Channels using EM-Based Finite Mixture of Gamma Distributions,2014 IEEE Global Telecommunications Conference (GLOBECOM),"pp. 1008-1013, Austin, TX.",Dec,12,2014,c,,,,,,,,
098,V. A. Mateescu and I. V. Bajić,Can subliminal flicker guide attention in natural images?,Proc. ACM Multimedia PIVP,"pp. 33-34, Orlando, FL.",Nov,11,2014,c,,,,,http://dl.acm.org/citation.cfm?id=2663012&CFID=456739913&CFTOKEN=17248534,ACM,https://www.researchgate.net/publication/265467451_Flicker_PIVP2014_supplementary,Code
099,"S. H. Khatoonabadi, I. V. Bajić, and Y. Shan","Compressed-domain correlates of fixations in video,",Proc. ACM Multimedia PIVP,"pp. 3-8, Orlando, FL. ",Nov,11,2014,c,,,,,http://dl.acm.org/citation.cfm?id=2663008&CFID=456739913&CFTOKEN=17248534,ACM,http://www.sfu.ca/~ibajic/software/kbs_pivp2014_code.rar,Code
100,V. A. Mateescu and I. V. Bajić,Attention retargeting by color manipulation in images,Proc. ACM Multimedia PIVP,"pp. 15-20, Orlando, FL.",Nov,11,2014,c,,,,,http://dl.acm.org/citation.cfm?id=2663009&CFID=456739913&CFTOKEN=17248534,ACM,https://www.researchgate.net/publication/265467626_Color_PIVP2014_implementation,Code
101,"S. H. Khatoonabadi, I. V. Bajić, and Y. Shan",Comparison of visual saliency models for compressed video,Proc. IEEE ICIP'14,"pp. 1081-1085, Paris, France.",Oct,10,2014,c,,,,,http://ieeexplore.ieee.org/xpl/articleDetails.jsp?arnumber=7025215,IEEEXplore,http://www.sfu.ca/~ibajic/software/CSE-ICIP2014.rar,Code
102,"C. Bi, J. Liang, and D. Wu",Joint source-channel coding of JPEG 2000 image transmission ove coded cooperative networks,Proc. 2014 IEEE China Summit and International Conference on Signal and Information Processing (ChinaSIP’14),"pp. 276-280, Xi'an, China.",Jul,7,2014,c,,,,,,,,
103,"M. Zhao, X. Gong, J. Liang, W. Wang, X. Que, and S. Cheng",Scheduling and Resource Allocation for Wireless Dynamic Adaptive Streaming of Scalable Videos over HTTP,Proc. 2014 IEEE International Conference on Communications (ICC),"pp. 1681-1686, Sydney, Australia.",Jun,6,2014,c,,,,,,,,
104,"X. Wang, J. Liang",Side Information-Aided Compressed Sensing Reconstruction via Approximate Message Passing,"Proc. 2014 IEEE Inter. Conf. Acoustics, Speech, and Signal Processing (ICASSP)","pp. 3330-3334, Florence, Italy.",May,5,2014,c,,,,,,,,
105,"Y. Gao, G. Cheung, T. Maugey, P. Frossard, and J. Liang",3D Geometry Representation using Multiview Coding of Image Tiles,"Proc. 2014 IEEE Inter. Conf. Acoustics, Speech, and Signal Processing (ICASSP)","pp. 6157-6161, Florence.",May,5,2014,c,,,,,,,,
106,C.-H. Kwak and I. V. Bajić,Hybrid compression of dynamic 3D mesh data,Proc. IEEE ICASSP'14,"pp. 6183-6187, Florence, Italy.",May,5,2014,c,,,,,http://ieeexplore.ieee.org/xpl/articleDetails.jsp?tp=&arnumber=6854784,IEEEXplore,,
107,"B. Macchiavello, C. Dorea, E. Hung, G. Cheung, and I. V. Bajić",Low-saliency prior for disocclusion hole filling in DIBR-synthesized images,Proc. IEEE ICASSP'14,"pp. 579-583, Florence, Italy. ",May,5,2014,c,,,,,http://ieeexplore.ieee.org/xpl/articleDetails.jsp?tp=&arnumber=6853662,IEEEXplore,,
108,"H. Choi, J. Yoo, J. Nam, D. Sim, and I. V. Bajić",Pixel-wise unified rate-quantization model for multi-level rate control,IEEE J. Sel. Topics Signal Process,"vol. 7, no. 6, pp. 1112-1123. (Special Issue on Video Coding: HEVC and Beyond)",Dec,12,2013,j,,,,,http://ieeexplore.ieee.org/xpl/articleDetails.jsp?tp=&arnumber=6552971,IEEEXplore,,
109,"H. Hadizadeh, I. V. Bajić, and G. Cheung, ",Video error concealment using a computation-efficient low saliency prior,IEEE Trans. Multimedia,"vol. 15, no. 8, pp. 2099-2113.",Dec,12,2013,j,,,,,http://ieeexplore.ieee.org/xpl/articleDetails.jsp?tp=&arnumber=6589994,IEEEXplore,,
110,H. Khalilian and I. V. Bajić,Video watermarking with empirical PCA-based decoding,IEEE Trans. Image Processing,"vol. 22, no. 12, pp. 4825-4840.",Dec,12,2013,j,,,,,http://ieeexplore.ieee.org/xpl/articleDetails.jsp?tp=&arnumber=6578562,IEEEXplore,https://www.researchgate.net/publication/258939759_video_watermarking,Code
111,"P. Wan, Y. Feng, G. Cheung, I. V. Bajić, and O. C. Au",3D motion estimation for visual saliency modeling,IEEE Signal Processing Letters,"vol. 20, no. 10, pp. 972-975. ",Oct,10,2013,j,,,,,http://ieeexplore.ieee.org/xpl/articleDetails.jsp?tp=&arnumber=6576147,IEEEXplore,,
112,"M. Seyfi, S. Muhaidat and J. Liang",Relay Selection in Cognitive Radio Networks with Interference Constraints,IET Communications,"Vol. 7, Iss. 10, pp. 922-930.",Aug,8,2013,j,,,,,http://ieeexplore.ieee.org/stamp/stamp.jsp?arnumber=06574794,IEEEXplore,,
113,"Y. Gao, X. Xiu, J. Liang, and W. Lin",Fast synthesized and predicted just noticeable distortion maps for perceptual multiview video coding,Journal of Visual Communication and Image Representation,"Vol. 24, Iss. 6, pp. 700–707",Aug,8,2013,j,,,,,http://www.sciencedirect.com/science/article/pii/S1047320312000648,ScienceDirect,,
114,"D. Wu, Y. Ling, H. Zhu, and J. Liang",The RSU Access Problem Based on Evolutionary Game Theory for VANET, International Journal of Distributed Sensor Networks,"Vol. 2013, ID 143024, 7 pages.",Jul,7,2013,j,,,,,https://doi.org/10.1155/2013/143024,Sage,,
115,"D. Zhang, J. Liang, and I. Singh",Fast Transmission Distortion Estimation and Adaptive Error Protection for H.264/AVC-based Embedded Video Conferencing Systems,Signal Processing: Image Communication,"Volume 28, Issue 5, pp. 417–429. ",May,5,2013,j,,,,,http://www.sciencedirect.com/science/article/pii/S0923596513000167,ScienceDirect,,
116,"M. Shayegannia, A. Hajshirmohammadi, S. Muhaidat, and M. Torki",Transmission of JPEG2000 Images over Frequency Selective Channels with Unequal Power Allocation,IET Image Processing,"Vol. 7, Issue 1",Feb,2,2013,j,,,,,,,,
117,S. H. Khatoonabadi and I. V. Bajić,Video object tracking in the compressed domain using spatio-temporal Markov random fields, IEEE Trans. Image Processing,"vol. 22, no. 1, pp. 300-313. ",Jan,1,2013,j,,,,,http://ieeexplore.ieee.org/xpl/articleDetails.jsp?tp=&arnumber=6272352,IEEEXplore,https://www.researchgate.net/publication/258938622_ST-MRF_tracking,Code
118,"D. Zhang, J. Liang, and X. Gong",distortion Estimation for Two-Step View Synthesis,Proc. Picture Coding Symposium (PCS),"San Jose, CA, pp. 93-96.",Dec,12,2013,c,,,,,,,,
119,"H. Khalilian, I. V. Bajić, and R. G. Vaughan",Loudspeaker placement for sound field reproduction by constrained matching pursuit,Proc. IEEE WASPAA'13,"New Paltz, NY.",Oct,10,2013,c,,,,,http://ieeexplore.ieee.org/xpl/articleDetails.jsp?tp=&arnumber=6701838,IEEEXplore,,
120,"Y. Gao, G. Cheung, and J. Liang",Rate-Complexity Tradeoff for Client-Side Free Viewpoint Image Rendering,Proc. 2013 IEEE Inter. Conf. Image Processing (ICIP),"Melbourne, Australia, pp. 1890-1894.",Sep,9,2013,c,,,,,,,,
121,"C. Bi, and J. Liang",Layered Source-Channel Coding Over Two-Way Relay Networks,Proc. 2013 IEEE Vehicular Technology Conference (VTC),"Las Vegas, USA, pp. 1-5.",Sep,9,2013,c,,,,,,,,
122,C. Qian and I. V. Bajić,Global motion estimation under translation-zoom ambiguity,Proc. IEEE PacRim'13,"pp. 46-51, Victoria, BC.",Aug,8,2013,c,,,,,http://ieeexplore.ieee.org/xpl/articleDetails.jsp?tp=&arnumber=6625447,IEEEXplore,,
123,"S. Makonin, F. Popowich, L. Bartram, B. Gill, and I. V. Bajić",AMPds: A public dataset for load disaggregation and eco-feedback research,Proc. IEEE EPEC'13,"Halifax, NS.",Aug,8,2013,c,,,,,http://ieeexplore.ieee.org/xpl/articleDetails.jsp?tp=&arnumber=6802949,IEEEXplore,,
124,C. Qian and I. V. Bajić,Frame rate up-conversion using global and local higher-order motion,Proc. IEEE ICME'13,"San Jose, CA.",Jul,7,2013,c,,,,,http://ieeexplore.ieee.org/xpl/articleDetails.jsp?tp=&arnumber=6607490,IEEEXplore,,
125,V. A. Mateescu and I. V. Bajić,Guiding visual attention by manipulating orientation in images,Proc. IEEE ICME'13,"San Jose, CA.",Jul,7,2013,c,,,,,http://ieeexplore.ieee.org/xpl/articleDetails.jsp?tp=&arnumber=6607624,IEEEXplore,,
126,"H. Khalilian, I. V. Bajić, and R. G. Vaughan",3D sound field reproduction using diverse loudspeaker patterns,Proc. IEEE ICME'13 Workshops,"short papers track, San Jose, CA.",Jul,7,2013,c,,,,,http://ieeexplore.ieee.org/xpl/articleDetails.jsp?tp=&arnumber=6618247,IEEEXplore,,
127,S. H. Khatoonabadi and I. V. Bajić,Still visualization of object motion in compressed video,Proc. IEEE ICME'13 Workshops – MMIX,"San Jose, CA.",Jul,7,2013,c,,,,,http://ieeexplore.ieee.org/xpl/articleDetails.jsp?tp=&arnumber=6618333,IEEEXplore,https://www.researchgate.net/publication/258939590_Visualization,Code
128,S. H. Khatoonabadi and I. V. Bajić,Compressed-domain global motion estimation based on the Normalized Direct Linear Transform algorithm,presented at ITC-CSCC'13,"Yeosu, Korea. ",Jul,7,2013,c,,,,,https://www.researchgate.net/publication/258021612_Compressed-Domain_Global_Motion_Estimation_Based_on_the_Direct_Linear_Transform_Algorithm,ResearchGate,https://www.researchgate.net/publication/258934920_NDLT_Compressed_GME,Code
129,"J. Nam, I. V. Bajić, and D. Sim",Novel motion and disparity prediction for multi-view video coding,Proc. IEEE IVMSP'13,"Seoul, Korea. ",Jun,6,2013,c,,,,,http://ieeexplore.ieee.org/xpl/articleDetails.jsp?tp=&arnumber=6611924,IEEEXplore,,
130,"W. Lim, I. V. Bajić, and D. Sim",QP initialization and adaptive MAD prediction for rate control in HEVC-based multi-view video coding,Proc. IEEE IVMSP'13,"Seoul, Korea. ",Jun,6,2013,c,,,,,http://ieeexplore.ieee.org/xpl/articleDetails.jsp?tp=&arnumber=6611925,IEEEXplore,,
131,"X. Wang, J. Liang",View Interpolation Confidence-Aided Compressed Sensing of Multiviw Images,"Proc. 2013 IEEE Inter. Conf. Acoustics, Speech, and Signal Processing (ICASSP)","pp. 1651-1655, Vancouver, Canada.",May,5,2013,c,,,,,,,,
132,"L. Meng, J. Liang, Y. Zhao, H. Bai, C. Lin, and A. Kaup",M-channel Multiple Description Coding based on Uniformly Offset Quantizers with optimal deadzone,"Proc. 2013 IEEE Int. Conf. on Acoustics, Speech, and Signal Processing (ICASSP)","pp. 2026-2030, Vancouver, Canada.",May,5,2013,c,,,,,,,,
133,"L. Meng, J. Liang, U. Samarawickrama, Y. Zhao, H. Bai, and A. Kaup",M-channel Multiple Description Coding with Randomly Offset Quantizers,Proc. 2013 IEEE Inter. Symposium on Circuits and Systems (ISCAS),"pp. 261-264, Beijing, China.",May,5,2013,c,,,,,,,,
134,C.-H. Kwak and I. V. Bajić,MoCap data coding with unrestricted quantization and rate control,Proc. IEEE ICASSP'13,"pp. 3741-3745, Vancouver, BC.",May,5,2013,c,,,,,http://ieeexplore.ieee.org/xpl/articleDetails.jsp?tp=&arnumber=6638357,IEEEXplore,,
135,"P. Wan, Y. Feng, G. Cheung, I. V. Bajić, O. C. Au, and Y. Ji",3D motion in visual saliency modeling,Proc. IEEE ICASSP'13,"pp. 1831-1835, Vancouver, BC.",May,5,2013,c,,,,,http://ieeexplore.ieee.org/xpl/articleDetails.jsp?tp=&arnumber=6637969,IEEEXplore,,
136,"H. Khalilian, I. V. Bajić, and R. G. Vaughan",Towards optimal loudspeaker placement for sound field reproduction,Proc. IEEE ICASSP'13,"pp. 321-325, Vancouver, BC.",May,5,2013,c,,,,,http://ieeexplore.ieee.org/xpl/articleDetails.jsp?tp=&arnumber=6637661,IEEEXplore,,
137,"W. Lim, I. V. Bajić, and D. Sim",QP initialization and interview MAD prediction for rate control in HEVC-based multi-view video coding, Proc. IEEE ICASSP'13,"pp. 2045-2049, Vancouver, BC. ",May,5,2013,c,,,,,http://ieeexplore.ieee.org/xpl/articleDetails.jsp?tp=&arnumber=6638013,IEEEXplore,,
138,"X. Xiu, D. Pang and J. Liang",Rectification-based View Interpolation and Extrapolation for Multiview Video Coding,IEEE Trans. on Circuits and Systems for Video Technology,accepted.,Nov,11,2010,j,,,,1,,,,
139,"J. Wang, J. Liang, and S. Muhaidat",On the Distortion Exponents of Layered Broadcast Transmission in Multi-Relay Cooperative Networks,IEEE Trans. on Signal Processing,"Vol. 58, No. 10, pp. 5340-5352.",Oct,10,2010,j,,,,1,,,,
140,"U. Samarawickrama, J. Liang and C. Tian",M-Channel Multiple Description Coding with Two-Rate Predictive Coding and Staggered Quantization,IEEE Trans. Circuits and Systems for Video Technology,"Vol. 20, No. 7, pp. 933-944.",Jul,7,2010,j,,,,1,,,,
141,"H. Hadizadeh, M. J. Enriquez, and I. V. Bajić",Eye-tracking database for a set of standard video sequences,IEEE Trans. Image Processing,"Vol. 21, no. 2, pp. 898-903",Feb,2,2012,j,,,4,1,http://ieeexplore.ieee.org/stamp/stamp.jsp?tp=&arnumber=5986709,IEEEXplore,,
142,"Y.-M. Chen, I. V. Bajić, and P. Saeedi",Coarse-to-fine moving region segmentation in compressed video,Proc. IEEE WIAMIS'09,"pp. 45-48, London, UK",May,5,2009,c,,,5,1,http://ieeexplore.ieee.org/stamp/stamp.jsp?tp=&arnumber=5031428&isnumber=5031414,IEEEXplore,,
143,Y.-M. Chen and I. V. Bajić,Compressed-domain moving region segmentation with pixel precision using motion integration,Proc. IEEE PacRim'09,"pp. 442-447, Victoria, BC",Aug,8,2009,c,,,5,1,http://ieeexplore.ieee.org/stamp/stamp.jsp?tp=&arnumber=5291331&isnumber=5291232,IEEEXplore,,
